8_x_15_b.jpg,8_x_15_b.jpg
9_x_15_b.jpg,9_x_135_b.jpg
8_z_15_b.jpg,8_z_15_b.jpg
9_z_15_b.jpg,9_z_135_b.jpg
8_z_15_a.jpg,8_z_195_a.jpg
9_x_15_a.jpg,9_x_135_a.jpg
8_z_15_a.jpg,8_z_15_b.jpg
9_x_15_a.jpg,9_x_15_b.jpg
8_z_15_a.jpg,8_z_135_b.jpg
9_x_15_a.jpg,9_x_135_b.jpg
8_x_15_b.jpg,8_x_195_a.jpg
9_x_15_b.jpg,9_x_195_a.jpg
8_z_15_b.jpg,8_z_15_a.jpg
9_z_15_a.jpg,9_z_15_b.jpg
8_z_15_b.jpg,8_z_135_b.jpg
9_z_15_a.jpg,9_z_75_a.jpg
8_x_15_a.jpg,8_x_195_a.jpg
9_z_15_a.jpg,9_z_15_a.jpg
8_x_15_a.jpg,8_x_75_a.jpg
9_x_15_b.jpg,9_x_15_b.jpg
8_z_15_a.jpg,8_z_15_a.jpg
9_x_15_a.jpg,9_x_75_b.jpg
8_z_15_b.jpg,8_z_75_a.jpg
9_x_15_b.jpg,9_x_75_a.jpg
8_x_15_a.jpg,8_x_195_b.jpg
9_z_15_b.jpg,9_z_195_b.jpg
8_x_15_b.jpg,8_x_75_a.jpg
9_z_15_a.jpg,9_z_75_b.jpg
8_z_15_b.jpg,8_z_195_b.jpg
9_z_15_b.jpg,9_z_75_a.jpg
8_x_15_a.jpg,8_x_15_b.jpg
9_z_15_a.jpg,9_z_135_a.jpg
8_x_15_a.jpg,8_x_135_b.jpg
9_z_15_b.jpg,9_z_75_b.jpg
8_z_15_a.jpg,8_z_135_a.jpg
9_z_15_a.jpg,9_z_195_b.jpg
8_x_15_b.jpg,8_x_135_b.jpg
9_x_15_b.jpg,9_x_135_a.jpg
8_x_15_b.jpg,8_x_195_b.jpg
9_z_15_b.jpg,9_z_135_a.jpg
8_x_15_a.jpg,8_x_135_a.jpg
9_x_15_a.jpg,9_x_195_b.jpg
8_x_15_b.jpg,8_x_75_b.jpg
9_x_15_a.jpg,9_x_15_a.jpg
8_x_15_b.jpg,8_x_135_a.jpg
9_z_15_a.jpg,9_z_195_a.jpg
8_x_15_a.jpg,8_x_15_a.jpg
9_x_15_a.jpg,9_x_195_a.jpg
8_x_15_a.jpg,8_x_75_b.jpg
9_z_15_b.jpg,9_z_15_a.jpg
8_z_15_b.jpg,8_z_75_b.jpg
9_z_15_a.jpg,9_z_135_b.jpg
8_z_15_a.jpg,8_z_195_b.jpg
9_x_15_a.jpg,9_x_75_a.jpg
8_z_15_a.jpg,8_z_75_a.jpg
9_z_15_b.jpg,9_z_15_b.jpg
8_z_15_b.jpg,8_z_195_a.jpg
9_x_15_b.jpg,9_x_75_b.jpg
8_z_15_a.jpg,8_z_75_b.jpg
9_x_15_b.jpg,9_x_195_b.jpg
8_x_15_b.jpg,8_x_15_a.jpg
9_z_15_b.jpg,9_z_195_a.jpg
8_z_15_b.jpg,8_z_135_a.jpg
9_x_15_b.jpg,9_x_15_a.jpg
